summary,comment_clean,label
"1. Nội dung sơ lược: Bài viết chỉ trích Phạm Văn Đồng vì bức ảnh được cho là thân thiện với Trung Quốc trong bối cảnh chiến tranh biên giới và việc ký văn bản liên quan đến Hoàng Sa, Trường Sa. Tác giả cáo buộc ông phản bội lại những người đã hy sinh và bán nước.

2. Vấn đề: Tính chính xác của thông tin về bức ảnh và văn bản ký kết, cũng như việc quy kết động cơ và ý nghĩa của hành động của Phạm Văn Đồng.

3. Phản động/tin giả: Có. Bài viết mang tính chất công kích, xuyên tạc lịch sử và kích động hận thù dân tộc, bôi nhọ lãnh đạo.",luận điệu của bọn phản động xỏ lá 3ba que viết bài này. không biết nguyên nhân gì cứ viết lăng nhăng nói xấu việt nam.,KHONG_PHAN_DONG
"1. Nội dung sơ lược: Bài viết chỉ trích Phạm Văn Đồng vì bức ảnh được cho là thân thiện với Trung Quốc trong bối cảnh chiến tranh biên giới và việc ký văn bản liên quan đến Hoàng Sa, Trường Sa. Tác giả cáo buộc ông phản bội lại những người đã hy sinh và bán nước.

2. Vấn đề: Tính chính xác của thông tin về bức ảnh và văn bản ký kết, cũng như việc quy kết động cơ và ý nghĩa của hành động của Phạm Văn Đồng.

3. Phản động/tin giả: Có. Bài viết mang tính chất công kích, xuyên tạc lịch sử và kích động hận thù dân tộc, bôi nhọ lãnh đạo.",vậy ông bảo đại ông diệm ông thiệu là đảng viên cộng sản chính hiệu vì mấy ông mới địch thực là bán nước hại dân nên dân việt nam mới cho chết thảm và chạy tụt quần theo về mẫu quốc rồi chết rục ở đó.,KHONG_PHAN_DONG
"1. Nội dung sơ lược: Bài viết chỉ trích Phạm Văn Đồng vì bức ảnh được cho là thân thiện với Trung Quốc trong bối cảnh chiến tranh biên giới và việc ký văn bản liên quan đến Hoàng Sa, Trường Sa. Tác giả cáo buộc ông phản bội lại những người đã hy sinh và bán nước.

2. Vấn đề: Tính chính xác của thông tin về bức ảnh và văn bản ký kết, cũng như việc quy kết động cơ và ý nghĩa của hành động của Phạm Văn Đồng.

3. Phản động/tin giả: Có. Bài viết mang tính chất công kích, xuyên tạc lịch sử và kích động hận thù dân tộc, bôi nhọ lãnh đạo.",muôn đời của đám 3ba que,KHONG_PHAN_DONG
"1. Nội dung sơ lược: Bài viết chỉ trích Phạm Văn Đồng vì bức ảnh được cho là thân thiện với Trung Quốc trong bối cảnh chiến tranh biên giới và việc ký văn bản liên quan đến Hoàng Sa, Trường Sa. Tác giả cáo buộc ông phản bội lại những người đã hy sinh và bán nước.

2. Vấn đề: Tính chính xác của thông tin về bức ảnh và văn bản ký kết, cũng như việc quy kết động cơ và ý nghĩa của hành động của Phạm Văn Đồng.

3. Phản động/tin giả: Có. Bài viết mang tính chất công kích, xuyên tạc lịch sử và kích động hận thù dân tộc, bôi nhọ lãnh đạo.",già rồi mà đần vậy cháu cộng sản đánh mỹ đánh pháp đánh tàu đánh cam phu chia xây dựng đất nước từ đống tro tàn bây giờ việt nam kinh tế đứng thứ 33 thế giới 22 châu á đối tác chiến lược với mỹ nhật nga trung quốc pháp ấn độ úc nhục chỗ nào cháu chính lũ bán nước vong nô lưu vong ăn tàn phá hoại theo mỹ để kiếm ăn như cháu mới nhục. sống một đời làm gì mà uổng phí vậy cháu,KHONG_PHAN_DONG
"1. Nội dung sơ lược: Bài viết chỉ trích Phạm Văn Đồng vì bức ảnh được cho là thân thiện với Trung Quốc trong bối cảnh chiến tranh biên giới và việc ký văn bản liên quan đến Hoàng Sa, Trường Sa. Tác giả cáo buộc ông phản bội lại những người đã hy sinh và bán nước.

2. Vấn đề: Tính chính xác của thông tin về bức ảnh và văn bản ký kết, cũng như việc quy kết động cơ và ý nghĩa của hành động của Phạm Văn Đồng.

3. Phản động/tin giả: Có. Bài viết mang tính chất công kích, xuyên tạc lịch sử và kích động hận thù dân tộc, bôi nhọ lãnh đạo.",đúng là 3ba que xỏ lá bác hồ mất nên các bác khóc 3ba que có nhìn thấy trên ngực áo của mọi người có dải băng đen không 3ba que,KHONG_PHAN_DONG
"1. Nội dung sơ lược: Bài viết chỉ trích Phạm Văn Đồng vì bức ảnh được cho là thân thiện với Trung Quốc trong bối cảnh chiến tranh biên giới và việc ký văn bản liên quan đến Hoàng Sa, Trường Sa. Tác giả cáo buộc ông phản bội lại những người đã hy sinh và bán nước.

2. Vấn đề: Tính chính xác của thông tin về bức ảnh và văn bản ký kết, cũng như việc quy kết động cơ và ý nghĩa của hành động của Phạm Văn Đồng.

3. Phản động/tin giả: Có. Bài viết mang tính chất công kích, xuyên tạc lịch sử và kích động hận thù dân tộc, bôi nhọ lãnh đạo.",uỷ viên bộ chống bè lũ 3ba que anh ạ,KHONG_PHAN_DONG
"1. Nội dung sơ lược: Bài viết chỉ trích Phạm Văn Đồng vì bức ảnh được cho là thân thiện với Trung Quốc trong bối cảnh chiến tranh biên giới và việc ký văn bản liên quan đến Hoàng Sa, Trường Sa. Tác giả cáo buộc ông phản bội lại những người đã hy sinh và bán nước.

2. Vấn đề: Tính chính xác của thông tin về bức ảnh và văn bản ký kết, cũng như việc quy kết động cơ và ý nghĩa của hành động của Phạm Văn Đồng.

3. Phản động/tin giả: Có. Bài viết mang tính chất công kích, xuyên tạc lịch sử và kích động hận thù dân tộc, bôi nhọ lãnh đạo.",đừng tin vào 3ba que,KHONG_PHAN_DONG
"1. Nội dung sơ lược: Bài viết chỉ trích Phạm Văn Đồng vì bức ảnh được cho là thân thiện với Trung Quốc trong bối cảnh chiến tranh biên giới và việc ký văn bản liên quan đến Hoàng Sa, Trường Sa. Tác giả cáo buộc ông phản bội lại những người đã hy sinh và bán nước.

2. Vấn đề: Tính chính xác của thông tin về bức ảnh và văn bản ký kết, cũng như việc quy kết động cơ và ý nghĩa của hành động của Phạm Văn Đồng.

3. Phản động/tin giả: Có. Bài viết mang tính chất công kích, xuyên tạc lịch sử và kích động hận thù dân tộc, bôi nhọ lãnh đạo.",đúng là xuyên tạc xỏ lá 3ba que,KHONG_PHAN_DONG
"1. Nội dung sơ lược: Bài viết chỉ trích Phạm Văn Đồng vì bức ảnh được cho là thân thiện với Trung Quốc trong bối cảnh chiến tranh biên giới và việc ký văn bản liên quan đến Hoàng Sa, Trường Sa. Tác giả cáo buộc ông phản bội lại những người đã hy sinh và bán nước.

2. Vấn đề: Tính chính xác của thông tin về bức ảnh và văn bản ký kết, cũng như việc quy kết động cơ và ý nghĩa của hành động của Phạm Văn Đồng.

3. Phản động/tin giả: Có. Bài viết mang tính chất công kích, xuyên tạc lịch sử và kích động hận thù dân tộc, bôi nhọ lãnh đạo.",thường xuyên đánh tráo khái niệm nên người việt mới gọi việt tân là 3ba que,KHONG_PHAN_DONG
"1. Nội dung sơ lược: Bài viết chỉ trích Phạm Văn Đồng vì bức ảnh được cho là thân thiện với Trung Quốc trong bối cảnh chiến tranh biên giới và việc ký văn bản liên quan đến Hoàng Sa, Trường Sa. Tác giả cáo buộc ông phản bội lại những người đã hy sinh và bán nước.

2. Vấn đề: Tính chính xác của thông tin về bức ảnh và văn bản ký kết, cũng như việc quy kết động cơ và ý nghĩa của hành động của Phạm Văn Đồng.

3. Phản động/tin giả: Có. Bài viết mang tính chất công kích, xuyên tạc lịch sử và kích động hận thù dân tộc, bôi nhọ lãnh đạo.",chúng mày còn nói tiếng việt được á 3ba que theo bố mỹ phải nói tiếng bố đi,KHONG_PHAN_DONG
"1. Nội dung sơ lược: Bài viết chỉ trích Phạm Văn Đồng vì bức ảnh được cho là thân thiện với Trung Quốc trong bối cảnh chiến tranh biên giới và việc ký văn bản liên quan đến Hoàng Sa, Trường Sa. Tác giả cáo buộc ông phản bội lại những người đã hy sinh và bán nước.

2. Vấn đề: Tính chính xác của thông tin về bức ảnh và văn bản ký kết, cũng như việc quy kết động cơ và ý nghĩa của hành động của Phạm Văn Đồng.

3. Phản động/tin giả: Có. Bài viết mang tính chất công kích, xuyên tạc lịch sử và kích động hận thù dân tộc, bôi nhọ lãnh đạo.",tôi nói ở một cái nhóm về vấn đề này nó không phản biện được gì. báo cáo với xoá tôi khỏi nhóm luôn cái bọn 3ba que này nó chỉ căn thôi bạn,KHONG_PHAN_DONG
"1. Nội dung sơ lược: Bài viết chỉ trích Phạm Văn Đồng vì bức ảnh được cho là thân thiện với Trung Quốc trong bối cảnh chiến tranh biên giới và việc ký văn bản liên quan đến Hoàng Sa, Trường Sa. Tác giả cáo buộc ông phản bội lại những người đã hy sinh và bán nước.

2. Vấn đề: Tính chính xác của thông tin về bức ảnh và văn bản ký kết, cũng như việc quy kết động cơ và ý nghĩa của hành động của Phạm Văn Đồng.

3. Phản động/tin giả: Có. Bài viết mang tính chất công kích, xuyên tạc lịch sử và kích động hận thù dân tộc, bôi nhọ lãnh đạo.",gào thế 3ba que lúc này ổn không,KHONG_PHAN_DONG
"1. Nội dung sơ lược: Bài viết chỉ trích Phạm Văn Đồng vì bức ảnh được cho là thân thiện với Trung Quốc trong bối cảnh chiến tranh biên giới và việc ký văn bản liên quan đến Hoàng Sa, Trường Sa. Tác giả cáo buộc ông phản bội lại những người đã hy sinh và bán nước.

2. Vấn đề: Tính chính xác của thông tin về bức ảnh và văn bản ký kết, cũng như việc quy kết động cơ và ý nghĩa của hành động của Phạm Văn Đồng.

3. Phản động/tin giả: Có. Bài viết mang tính chất công kích, xuyên tạc lịch sử và kích động hận thù dân tộc, bôi nhọ lãnh đạo.",đảng cộng sản việt nam không đồng ý thì chính phủ thủ tướng phạm văn đồng có dám ký không,KHONG_PHAN_DONG
"1. Nội dung sơ lược: Bài viết chỉ trích Phạm Văn Đồng vì bức ảnh được cho là thân thiện với Trung Quốc trong bối cảnh chiến tranh biên giới và việc ký văn bản liên quan đến Hoàng Sa, Trường Sa. Tác giả cáo buộc ông phản bội lại những người đã hy sinh và bán nước.

2. Vấn đề: Tính chính xác của thông tin về bức ảnh và văn bản ký kết, cũng như việc quy kết động cơ và ý nghĩa của hành động của Phạm Văn Đồng.

3. Phản động/tin giả: Có. Bài viết mang tính chất công kích, xuyên tạc lịch sử và kích động hận thù dân tộc, bôi nhọ lãnh đạo.",đừng nói láo đồ 3ba que,KHONG_PHAN_DONG
"1. Nội dung sơ lược: Bài viết chỉ trích Phạm Văn Đồng vì bức ảnh được cho là thân thiện với Trung Quốc trong bối cảnh chiến tranh biên giới và việc ký văn bản liên quan đến Hoàng Sa, Trường Sa. Tác giả cáo buộc ông phản bội lại những người đã hy sinh và bán nước.

2. Vấn đề: Tính chính xác của thông tin về bức ảnh và văn bản ký kết, cũng như việc quy kết động cơ và ý nghĩa của hành động của Phạm Văn Đồng.

3. Phản động/tin giả: Có. Bài viết mang tính chất công kích, xuyên tạc lịch sử và kích động hận thù dân tộc, bôi nhọ lãnh đạo.",lenin cộng mao cộng ho chi minh bằng 3ba que,PHAN_DONG
"1. Nội dung sơ lược: Bài viết chỉ trích Phạm Văn Đồng vì bức ảnh được cho là thân thiện với Trung Quốc trong bối cảnh chiến tranh biên giới và việc ký văn bản liên quan đến Hoàng Sa, Trường Sa. Tác giả cáo buộc ông phản bội lại những người đã hy sinh và bán nước.

2. Vấn đề: Tính chính xác của thông tin về bức ảnh và văn bản ký kết, cũng như việc quy kết động cơ và ý nghĩa của hành động của Phạm Văn Đồng.

3. Phản động/tin giả: Có. Bài viết mang tính chất công kích, xuyên tạc lịch sử và kích động hận thù dân tộc, bôi nhọ lãnh đạo.",nhìn hình ảnh đọc nội dung nhiều người không hiểu biết không có bản lĩnh đã bị bọn 3ba que xỏ lá nó dắt mũi,KHONG_PHAN_DONG
"1. Nội dung sơ lược: Bài viết chỉ trích Phạm Văn Đồng vì bức ảnh được cho là thân thiện với Trung Quốc trong bối cảnh chiến tranh biên giới và việc ký văn bản liên quan đến Hoàng Sa, Trường Sa. Tác giả cáo buộc ông phản bội lại những người đã hy sinh và bán nước.

2. Vấn đề: Tính chính xác của thông tin về bức ảnh và văn bản ký kết, cũng như việc quy kết động cơ và ý nghĩa của hành động của Phạm Văn Đồng.

3. Phản động/tin giả: Có. Bài viết mang tính chất công kích, xuyên tạc lịch sử và kích động hận thù dân tộc, bôi nhọ lãnh đạo.",người viết bài nầy đúng là yêu nước còn thằng đứng khóm người hôn tay của mao mới là việt gian bán nước,PHAN_DONG
"1. Nội dung sơ lược: Bài viết chỉ trích Phạm Văn Đồng vì bức ảnh được cho là thân thiện với Trung Quốc trong bối cảnh chiến tranh biên giới và việc ký văn bản liên quan đến Hoàng Sa, Trường Sa. Tác giả cáo buộc ông phản bội lại những người đã hy sinh và bán nước.

2. Vấn đề: Tính chính xác của thông tin về bức ảnh và văn bản ký kết, cũng như việc quy kết động cơ và ý nghĩa của hành động của Phạm Văn Đồng.

3. Phản động/tin giả: Có. Bài viết mang tính chất công kích, xuyên tạc lịch sử và kích động hận thù dân tộc, bôi nhọ lãnh đạo.",giải tán đảng cộng sản việt nam,PHAN_DONG
"1. Nội dung sơ lược: Bài viết chỉ trích Phạm Văn Đồng vì bức ảnh được cho là thân thiện với Trung Quốc trong bối cảnh chiến tranh biên giới và việc ký văn bản liên quan đến Hoàng Sa, Trường Sa. Tác giả cáo buộc ông phản bội lại những người đã hy sinh và bán nước.

2. Vấn đề: Tính chính xác của thông tin về bức ảnh và văn bản ký kết, cũng như việc quy kết động cơ và ý nghĩa của hành động của Phạm Văn Đồng.

3. Phản động/tin giả: Có. Bài viết mang tính chất công kích, xuyên tạc lịch sử và kích động hận thù dân tộc, bôi nhọ lãnh đạo.",ba ba que thì mãi vẫn là 3ba que có chết cũng không khá hơn được.mà suốt đời từ thế hệ nọ nối kiếp sang thế hệ kia chỉ đi cào lồn ăn vạ.,KHONG_PHAN_DONG
"1. Nội dung sơ lược: Bài viết chỉ trích Phạm Văn Đồng vì bức ảnh được cho là thân thiện với Trung Quốc trong bối cảnh chiến tranh biên giới và việc ký văn bản liên quan đến Hoàng Sa, Trường Sa. Tác giả cáo buộc ông phản bội lại những người đã hy sinh và bán nước.

2. Vấn đề: Tính chính xác của thông tin về bức ảnh và văn bản ký kết, cũng như việc quy kết động cơ và ý nghĩa của hành động của Phạm Văn Đồng.

3. Phản động/tin giả: Có. Bài viết mang tính chất công kích, xuyên tạc lịch sử và kích động hận thù dân tộc, bôi nhọ lãnh đạo.",sắp 30 tháng bốn bọn chó 3ba que lại lên cơn co dật,KHONG_PHAN_DONG
"1. Nội dung sơ lược: Bài viết chỉ trích Phạm Văn Đồng vì bức ảnh được cho là thân thiện với Trung Quốc trong bối cảnh chiến tranh biên giới và việc ký văn bản liên quan đến Hoàng Sa, Trường Sa. Tác giả cáo buộc ông phản bội lại những người đã hy sinh và bán nước.

2. Vấn đề: Tính chính xác của thông tin về bức ảnh và văn bản ký kết, cũng như việc quy kết động cơ và ý nghĩa của hành động của Phạm Văn Đồng.

3. Phản động/tin giả: Có. Bài viết mang tính chất công kích, xuyên tạc lịch sử và kích động hận thù dân tộc, bôi nhọ lãnh đạo.",bọn chống phá luôn tìm mọi thủ đoạn để chống phá nhà nước ba qoeba que bò vàng có hiểu từ yêu nước không thứ có nước đâu mà yêu trong quá khứ chúng mày đả bán nước rồi nhưng đả thất bại bỏ đất nước bỏ quê hương .rời bỏ nhưng người thân của chúng mày rồi đu càng đi lưu vong lên máy bay mà chúng mày còn kéo dầm đạp kéo chân chen nhau cho đồng đội chúng mày rơi mà chết .đáng lẻ chúng mày phải biết sưa sai phải biết hối hận phải biết quay đầu là bờ để còn đường quay về để chết mà có chỗ chôn thế mà không biết lại quay lại cắn phá bóp méo lịch sử cho nên có suy nghỉ đó chúng mày suốt đời là kẻ lưu vong.tạm bán nước cầu vinh,KHONG_PHAN_DONG
"1. Nội dung sơ lược: Bài viết chỉ trích Phạm Văn Đồng vì bức ảnh được cho là thân thiện với Trung Quốc trong bối cảnh chiến tranh biên giới và việc ký văn bản liên quan đến Hoàng Sa, Trường Sa. Tác giả cáo buộc ông phản bội lại những người đã hy sinh và bán nước.

2. Vấn đề: Tính chính xác của thông tin về bức ảnh và văn bản ký kết, cũng như việc quy kết động cơ và ý nghĩa của hành động của Phạm Văn Đồng.

3. Phản động/tin giả: Có. Bài viết mang tính chất công kích, xuyên tạc lịch sử và kích động hận thù dân tộc, bôi nhọ lãnh đạo.",3ba que chỉ lừa được 3ba que thôi hầu hết nhân dân trong nước là cụ tổ mày thì lừa làm sao được hả bọn con cháu,KHONG_PHAN_DONG
"1. Nội dung sơ lược: Bài viết chỉ trích Phạm Văn Đồng vì bức ảnh được cho là thân thiện với Trung Quốc trong bối cảnh chiến tranh biên giới và việc ký văn bản liên quan đến Hoàng Sa, Trường Sa. Tác giả cáo buộc ông phản bội lại những người đã hy sinh và bán nước.

2. Vấn đề: Tính chính xác của thông tin về bức ảnh và văn bản ký kết, cũng như việc quy kết động cơ và ý nghĩa của hành động của Phạm Văn Đồng.

3. Phản động/tin giả: Có. Bài viết mang tính chất công kích, xuyên tạc lịch sử và kích động hận thù dân tộc, bôi nhọ lãnh đạo.",chúng mày biết vì sao hoàng sa rơi vào tay trung quốc không vì lũ 3ba que chúng mày đó. còn bác phạm văn đồng khóc trước người trung quốc lúc đó hai bên đang là đồng chí anh em bọn ngu à. chúng mày chỉ dắt mũi mấy đứa thiếu hiểu biết thôi,KHONG_PHAN_DONG
"1. Nội dung sơ lược: Bài viết chỉ trích Phạm Văn Đồng vì bức ảnh được cho là thân thiện với Trung Quốc trong bối cảnh chiến tranh biên giới và việc ký văn bản liên quan đến Hoàng Sa, Trường Sa. Tác giả cáo buộc ông phản bội lại những người đã hy sinh và bán nước.

2. Vấn đề: Tính chính xác của thông tin về bức ảnh và văn bản ký kết, cũng như việc quy kết động cơ và ý nghĩa của hành động của Phạm Văn Đồng.

3. Phản động/tin giả: Có. Bài viết mang tính chất công kích, xuyên tạc lịch sử và kích động hận thù dân tộc, bôi nhọ lãnh đạo.",bạn chất nhưng vấn đánh cho bọn 3ba que chạy tụt quần lêu lêu,KHONG_PHAN_DONG
"1. Nội dung sơ lược: Bài viết chỉ trích Phạm Văn Đồng vì bức ảnh được cho là thân thiện với Trung Quốc trong bối cảnh chiến tranh biên giới và việc ký văn bản liên quan đến Hoàng Sa, Trường Sa. Tác giả cáo buộc ông phản bội lại những người đã hy sinh và bán nước.

2. Vấn đề: Tính chính xác của thông tin về bức ảnh và văn bản ký kết, cũng như việc quy kết động cơ và ý nghĩa của hành động của Phạm Văn Đồng.

3. Phản động/tin giả: Có. Bài viết mang tính chất công kích, xuyên tạc lịch sử và kích động hận thù dân tộc, bôi nhọ lãnh đạo.",bức ảnh đoạt giải thưởng pulitzer đầu tiên về chiến tranh việt nam là tác phẩm của nhiếp ảnh gia huyền thoại horst faas phóng viên ảnh của hãng thông tấn ap associated press bức ảnh chụp ngày 19/ba que1964 ghi lại cảnh một người dân việt nam ôm xác con trong khi toán lính biệt kích của quân đội sài gòn nhìn xuống từ xe thiết giáp. đứa trẻ đã bị chết khi quân sài gòn truy đuổi du kích giải phóng trong một ngôi làng gần biên giới campuchia. bức ảnh đã đoạt giải pulitzer năm 1965.còn hơn mấy bọn cali bán nước hại dân,KHONG_PHAN_DONG
"1. Nội dung sơ lược: Bài viết chỉ trích Phạm Văn Đồng vì bức ảnh được cho là thân thiện với Trung Quốc trong bối cảnh chiến tranh biên giới và việc ký văn bản liên quan đến Hoàng Sa, Trường Sa. Tác giả cáo buộc ông phản bội lại những người đã hy sinh và bán nước.

2. Vấn đề: Tính chính xác của thông tin về bức ảnh và văn bản ký kết, cũng như việc quy kết động cơ và ý nghĩa của hành động của Phạm Văn Đồng.

3. Phản động/tin giả: Có. Bài viết mang tính chất công kích, xuyên tạc lịch sử và kích động hận thù dân tộc, bôi nhọ lãnh đạo.",tất cả chỉ do bọn quân ngụy quyền chỉ vì kiếm những đồng tiền viện trợ của mỹ mà sẵn sàng giết hại đồng bào người việt làm sai lệch thông tin để nhồi sọ lứa ba que f2 ba để phá hoại con người đất nước việt nam. đồng tiền quan trọng thế ư mà sẵn sàng làm những điều như vậy hả bọn ba que bán nước cầu vinh,KHONG_PHAN_DONG
"1. Nội dung sơ lược: Bài viết chỉ trích Phạm Văn Đồng vì bức ảnh được cho là thân thiện với Trung Quốc trong bối cảnh chiến tranh biên giới và việc ký văn bản liên quan đến Hoàng Sa, Trường Sa. Tác giả cáo buộc ông phản bội lại những người đã hy sinh và bán nước.

2. Vấn đề: Tính chính xác của thông tin về bức ảnh và văn bản ký kết, cũng như việc quy kết động cơ và ý nghĩa của hành động của Phạm Văn Đồng.

3. Phản động/tin giả: Có. Bài viết mang tính chất công kích, xuyên tạc lịch sử và kích động hận thù dân tộc, bôi nhọ lãnh đạo.",tất cả lãnh đạo cộng sản việt nam đều bán nước bởi vì hồ chí minh là người tàu. muốn sáp nhập việt nam thành một tỉnh của trung quốc.,PHAN_DONG
"1. Nội dung sơ lược: Bài viết chỉ trích Phạm Văn Đồng vì bức ảnh được cho là thân thiện với Trung Quốc trong bối cảnh chiến tranh biên giới và việc ký văn bản liên quan đến Hoàng Sa, Trường Sa. Tác giả cáo buộc ông phản bội lại những người đã hy sinh và bán nước.

2. Vấn đề: Tính chính xác của thông tin về bức ảnh và văn bản ký kết, cũng như việc quy kết động cơ và ý nghĩa của hành động của Phạm Văn Đồng.

3. Phản động/tin giả: Có. Bài viết mang tính chất công kích, xuyên tạc lịch sử và kích động hận thù dân tộc, bôi nhọ lãnh đạo.",ngày bác mất. .mấy thằng 3ba que láo toét.,KHONG_PHAN_DONG
"1. Nội dung sơ lược: Bài viết chỉ trích Phạm Văn Đồng vì bức ảnh được cho là thân thiện với Trung Quốc trong bối cảnh chiến tranh biên giới và việc ký văn bản liên quan đến Hoàng Sa, Trường Sa. Tác giả cáo buộc ông phản bội lại những người đã hy sinh và bán nước.

2. Vấn đề: Tính chính xác của thông tin về bức ảnh và văn bản ký kết, cũng như việc quy kết động cơ và ý nghĩa của hành động của Phạm Văn Đồng.

3. Phản động/tin giả: Có. Bài viết mang tính chất công kích, xuyên tạc lịch sử và kích động hận thù dân tộc, bôi nhọ lãnh đạo.",mắt 3ba que dạo này mờ lòa rồi nhìn không biết chuyện gì nói tào lào.,KHONG_PHAN_DONG
"1. Nội dung sơ lược: Bài viết chỉ trích Phạm Văn Đồng vì bức ảnh được cho là thân thiện với Trung Quốc trong bối cảnh chiến tranh biên giới và việc ký văn bản liên quan đến Hoàng Sa, Trường Sa. Tác giả cáo buộc ông phản bội lại những người đã hy sinh và bán nước.

2. Vấn đề: Tính chính xác của thông tin về bức ảnh và văn bản ký kết, cũng như việc quy kết động cơ và ý nghĩa của hành động của Phạm Văn Đồng.

3. Phản động/tin giả: Có. Bài viết mang tính chất công kích, xuyên tạc lịch sử và kích động hận thù dân tộc, bôi nhọ lãnh đạo.",3ba que con thì tuoilon đòi lấy vợ,KHONG_PHAN_DONG
"1. Nội dung sơ lược: Bài viết chỉ trích Phạm Văn Đồng vì bức ảnh được cho là thân thiện với Trung Quốc trong bối cảnh chiến tranh biên giới và việc ký văn bản liên quan đến Hoàng Sa, Trường Sa. Tác giả cáo buộc ông phản bội lại những người đã hy sinh và bán nước.

2. Vấn đề: Tính chính xác của thông tin về bức ảnh và văn bản ký kết, cũng như việc quy kết động cơ và ý nghĩa của hành động của Phạm Văn Đồng.

3. Phản động/tin giả: Có. Bài viết mang tính chất công kích, xuyên tạc lịch sử và kích động hận thù dân tộc, bôi nhọ lãnh đạo.",đừng nhét chữ vào mồm người dân việt nam vì chúng tao học lịch sử từ bé chứ như cái lũ đu càng bán nước cầu vinh ba que chọc cậu.ứ.tao như cái loại chúng mày đâu,KHONG_PHAN_DONG
"1. Nội dung sơ lược: Bài viết chỉ trích Phạm Văn Đồng vì bức ảnh được cho là thân thiện với Trung Quốc trong bối cảnh chiến tranh biên giới và việc ký văn bản liên quan đến Hoàng Sa, Trường Sa. Tác giả cáo buộc ông phản bội lại những người đã hy sinh và bán nước.

2. Vấn đề: Tính chính xác của thông tin về bức ảnh và văn bản ký kết, cũng như việc quy kết động cơ và ý nghĩa của hành động của Phạm Văn Đồng.

3. Phản động/tin giả: Có. Bài viết mang tính chất công kích, xuyên tạc lịch sử và kích động hận thù dân tộc, bôi nhọ lãnh đạo.",bọn 3ba que tính lật sử à,KHONG_PHAN_DONG
"1. Nội dung sơ lược: Bài viết chỉ trích Phạm Văn Đồng vì bức ảnh được cho là thân thiện với Trung Quốc trong bối cảnh chiến tranh biên giới và việc ký văn bản liên quan đến Hoàng Sa, Trường Sa. Tác giả cáo buộc ông phản bội lại những người đã hy sinh và bán nước.

2. Vấn đề: Tính chính xác của thông tin về bức ảnh và văn bản ký kết, cũng như việc quy kết động cơ và ý nghĩa của hành động của Phạm Văn Đồng.

3. Phản động/tin giả: Có. Bài viết mang tính chất công kích, xuyên tạc lịch sử và kích động hận thù dân tộc, bôi nhọ lãnh đạo.",sự thật là ba que bán nước. đời ông cha bán không thành đời con tìm cách lật sử và bôi xấu đất nước. đúng là gia tộc bán nước nghìn đời nhục nhã,KHONG_PHAN_DONG
"1. Nội dung sơ lược: Bài viết chỉ trích Phạm Văn Đồng vì bức ảnh được cho là thân thiện với Trung Quốc trong bối cảnh chiến tranh biên giới và việc ký văn bản liên quan đến Hoàng Sa, Trường Sa. Tác giả cáo buộc ông phản bội lại những người đã hy sinh và bán nước.

2. Vấn đề: Tính chính xác của thông tin về bức ảnh và văn bản ký kết, cũng như việc quy kết động cơ và ý nghĩa của hành động của Phạm Văn Đồng.

3. Phản động/tin giả: Có. Bài viết mang tính chất công kích, xuyên tạc lịch sử và kích động hận thù dân tộc, bôi nhọ lãnh đạo.",nhục bằng lũ 3ba que đâu.,KHONG_PHAN_DONG
"1. Nội dung sơ lược: Bài viết chỉ trích Phạm Văn Đồng vì bức ảnh được cho là thân thiện với Trung Quốc trong bối cảnh chiến tranh biên giới và việc ký văn bản liên quan đến Hoàng Sa, Trường Sa. Tác giả cáo buộc ông phản bội lại những người đã hy sinh và bán nước.

2. Vấn đề: Tính chính xác của thông tin về bức ảnh và văn bản ký kết, cũng như việc quy kết động cơ và ý nghĩa của hành động của Phạm Văn Đồng.

3. Phản động/tin giả: Có. Bài viết mang tính chất công kích, xuyên tạc lịch sử và kích động hận thù dân tộc, bôi nhọ lãnh đạo.",tội đồ dân tộc nhục thay tên bán nước,KHONG_PHAN_DONG
"1. Nội dung sơ lược: Bài viết chỉ trích Phạm Văn Đồng vì bức ảnh được cho là thân thiện với Trung Quốc trong bối cảnh chiến tranh biên giới và việc ký văn bản liên quan đến Hoàng Sa, Trường Sa. Tác giả cáo buộc ông phản bội lại những người đã hy sinh và bán nước.

2. Vấn đề: Tính chính xác của thông tin về bức ảnh và văn bản ký kết, cũng như việc quy kết động cơ và ý nghĩa của hành động của Phạm Văn Đồng.

3. Phản động/tin giả: Có. Bài viết mang tính chất công kích, xuyên tạc lịch sử và kích động hận thù dân tộc, bôi nhọ lãnh đạo.",nhục sao bằng bọn bán nước chạy tụt quần,KHONG_PHAN_DONG
"1. Nội dung sơ lược: Bài viết chỉ trích Phạm Văn Đồng vì bức ảnh được cho là thân thiện với Trung Quốc trong bối cảnh chiến tranh biên giới và việc ký văn bản liên quan đến Hoàng Sa, Trường Sa. Tác giả cáo buộc ông phản bội lại những người đã hy sinh và bán nước.

2. Vấn đề: Tính chính xác của thông tin về bức ảnh và văn bản ký kết, cũng như việc quy kết động cơ và ý nghĩa của hành động của Phạm Văn Đồng.

3. Phản động/tin giả: Có. Bài viết mang tính chất công kích, xuyên tạc lịch sử và kích động hận thù dân tộc, bôi nhọ lãnh đạo.",bọn thua cuộc thì thường gào mồm bịa đặt nhằm hạ thấp người khác nhằm che đi nhục nhã bán nước bỏ tổ tiên. thua là thua bớt nói nhiều,KHONG_PHAN_DONG
"1. Nội dung sơ lược: Bài viết chỉ trích Phạm Văn Đồng vì bức ảnh được cho là thân thiện với Trung Quốc trong bối cảnh chiến tranh biên giới và việc ký văn bản liên quan đến Hoàng Sa, Trường Sa. Tác giả cáo buộc ông phản bội lại những người đã hy sinh và bán nước.

2. Vấn đề: Tính chính xác của thông tin về bức ảnh và văn bản ký kết, cũng như việc quy kết động cơ và ý nghĩa của hành động của Phạm Văn Đồng.

3. Phản động/tin giả: Có. Bài viết mang tính chất công kích, xuyên tạc lịch sử và kích động hận thù dân tộc, bôi nhọ lãnh đạo.",đi hỏi người bán mình không có bán haa mình nghe mình thấy họ chửi ông bán nước quá mình nói cho vui hoàn cảnh nào cuộc sống của chúng ta không riêng gì đất nước việt nam hay trúng quốc thì hãy giũ cho nhau sự sống hòa bình trên biển đảo trường sa hay hoàng sa haa bởi bất cứ giải đoạn nào đất nước nào cũng mãi hòa bình hii,KHONG_LIEN_QUAN
"1. Nội dung sơ lược: Bài viết chỉ trích Phạm Văn Đồng vì bức ảnh được cho là thân thiện với Trung Quốc trong bối cảnh chiến tranh biên giới và việc ký văn bản liên quan đến Hoàng Sa, Trường Sa. Tác giả cáo buộc ông phản bội lại những người đã hy sinh và bán nước.

2. Vấn đề: Tính chính xác của thông tin về bức ảnh và văn bản ký kết, cũng như việc quy kết động cơ và ý nghĩa của hành động của Phạm Văn Đồng.

3. Phản động/tin giả: Có. Bài viết mang tính chất công kích, xuyên tạc lịch sử và kích động hận thù dân tộc, bôi nhọ lãnh đạo.",nhật ký bán nước đánh tráo khái niệm,KHONG_PHAN_DONG
"1. Nội dung sơ lược: Bài viết chỉ trích Phạm Văn Đồng vì bức ảnh được cho là thân thiện với Trung Quốc trong bối cảnh chiến tranh biên giới và việc ký văn bản liên quan đến Hoàng Sa, Trường Sa. Tác giả cáo buộc ông phản bội lại những người đã hy sinh và bán nước.

2. Vấn đề: Tính chính xác của thông tin về bức ảnh và văn bản ký kết, cũng như việc quy kết động cơ và ý nghĩa của hành động của Phạm Văn Đồng.

3. Phản động/tin giả: Có. Bài viết mang tính chất công kích, xuyên tạc lịch sử và kích động hận thù dân tộc, bôi nhọ lãnh đạo.",mày là thằng bán nước hại dân mày có nói vạn lần củng chẳng ai bỏ tai nhé,KHONG_PHAN_DONG
"1. Nội dung sơ lược: Bài viết chỉ trích Phạm Văn Đồng vì bức ảnh được cho là thân thiện với Trung Quốc trong bối cảnh chiến tranh biên giới và việc ký văn bản liên quan đến Hoàng Sa, Trường Sa. Tác giả cáo buộc ông phản bội lại những người đã hy sinh và bán nước.

2. Vấn đề: Tính chính xác của thông tin về bức ảnh và văn bản ký kết, cũng như việc quy kết động cơ và ý nghĩa của hành động của Phạm Văn Đồng.

3. Phản động/tin giả: Có. Bài viết mang tính chất công kích, xuyên tạc lịch sử và kích động hận thù dân tộc, bôi nhọ lãnh đạo.",thằng nào bảo hoàng sa trường sa của trung quốc địt mẹ là thằng phản quốc bán nước nên tạc tượng để thế hệ sau phĩ nhổ,KHONG_PHAN_DONG
"1. Nội dung sơ lược: Bài viết chỉ trích Phạm Văn Đồng vì bức ảnh được cho là thân thiện với Trung Quốc trong bối cảnh chiến tranh biên giới và việc ký văn bản liên quan đến Hoàng Sa, Trường Sa. Tác giả cáo buộc ông phản bội lại những người đã hy sinh và bán nước.

2. Vấn đề: Tính chính xác của thông tin về bức ảnh và văn bản ký kết, cũng như việc quy kết động cơ và ý nghĩa của hành động của Phạm Văn Đồng.

3. Phản động/tin giả: Có. Bài viết mang tính chất công kích, xuyên tạc lịch sử và kích động hận thù dân tộc, bôi nhọ lãnh đạo.",day là lời nói của bọn bán nước hại dân ai mà tin mã tổ cha chúng mày,KHONG_PHAN_DONG
"1. Nội dung sơ lược: Bài viết chỉ trích Phạm Văn Đồng vì bức ảnh được cho là thân thiện với Trung Quốc trong bối cảnh chiến tranh biên giới và việc ký văn bản liên quan đến Hoàng Sa, Trường Sa. Tác giả cáo buộc ông phản bội lại những người đã hy sinh và bán nước.

2. Vấn đề: Tính chính xác của thông tin về bức ảnh và văn bản ký kết, cũng như việc quy kết động cơ và ý nghĩa của hành động của Phạm Văn Đồng.

3. Phản động/tin giả: Có. Bài viết mang tính chất công kích, xuyên tạc lịch sử và kích động hận thù dân tộc, bôi nhọ lãnh đạo.",ảnh chế thế nào không được công nghệ mới mà .nhưng không diệm bị mĩ giết quẳng xác rìa đường nó chẳng đăng cha con nhà nó chuyên làm tay sai bán nước cầu vinh 50 năm chỉ có chửi và xuyên tạc lừa dân tỵ nạn kiêm sống hãy mở trang nguyễn cao kỳ về nước thì rõ,KHONG_PHAN_DONG
"1. Nội dung sơ lược: Bài viết chỉ trích Phạm Văn Đồng vì bức ảnh được cho là thân thiện với Trung Quốc trong bối cảnh chiến tranh biên giới và việc ký văn bản liên quan đến Hoàng Sa, Trường Sa. Tác giả cáo buộc ông phản bội lại những người đã hy sinh và bán nước.

2. Vấn đề: Tính chính xác của thông tin về bức ảnh và văn bản ký kết, cũng như việc quy kết động cơ và ý nghĩa của hành động của Phạm Văn Đồng.

3. Phản động/tin giả: Có. Bài viết mang tính chất công kích, xuyên tạc lịch sử và kích động hận thù dân tộc, bôi nhọ lãnh đạo.",công gì công hàm bán nước hả,KHONG_PHAN_DONG
"1. Nội dung sơ lược: Bài viết chỉ trích Phạm Văn Đồng vì bức ảnh được cho là thân thiện với Trung Quốc trong bối cảnh chiến tranh biên giới và việc ký văn bản liên quan đến Hoàng Sa, Trường Sa. Tác giả cáo buộc ông phản bội lại những người đã hy sinh và bán nước.

2. Vấn đề: Tính chính xác của thông tin về bức ảnh và văn bản ký kết, cũng như việc quy kết động cơ và ý nghĩa của hành động của Phạm Văn Đồng.

3. Phản động/tin giả: Có. Bài viết mang tính chất công kích, xuyên tạc lịch sử và kích động hận thù dân tộc, bôi nhọ lãnh đạo.",không có cái nhục nào bằng cái nhục bán nước hại dân bám theo lót giày quân xâm lược kiếm ăn,KHONG_PHAN_DONG
"1. Nội dung sơ lược: Bài viết chỉ trích Phạm Văn Đồng vì bức ảnh được cho là thân thiện với Trung Quốc trong bối cảnh chiến tranh biên giới và việc ký văn bản liên quan đến Hoàng Sa, Trường Sa. Tác giả cáo buộc ông phản bội lại những người đã hy sinh và bán nước.

2. Vấn đề: Tính chính xác của thông tin về bức ảnh và văn bản ký kết, cũng như việc quy kết động cơ và ý nghĩa của hành động của Phạm Văn Đồng.

3. Phản động/tin giả: Có. Bài viết mang tính chất công kích, xuyên tạc lịch sử và kích động hận thù dân tộc, bôi nhọ lãnh đạo.",nhục nhất là bọn bán nước việt nam cộng hòa,KHONG_PHAN_DONG
"1. Nội dung sơ lược: Bài viết chỉ trích Phạm Văn Đồng vì bức ảnh được cho là thân thiện với Trung Quốc trong bối cảnh chiến tranh biên giới và việc ký văn bản liên quan đến Hoàng Sa, Trường Sa. Tác giả cáo buộc ông phản bội lại những người đã hy sinh và bán nước.

2. Vấn đề: Tính chính xác của thông tin về bức ảnh và văn bản ký kết, cũng như việc quy kết động cơ và ý nghĩa của hành động của Phạm Văn Đồng.

3. Phản động/tin giả: Có. Bài viết mang tính chất công kích, xuyên tạc lịch sử và kích động hận thù dân tộc, bôi nhọ lãnh đạo.",nhật ký yêu nước hay nhật ký bán nước.mày hiểu gì về lịch sử.mày có biết hàn tín chui qua háng thằng bán thịt.mà cuối cùng làm nên sự nghiệp không.đồ ngu,KHONG_PHAN_DONG
"1. Nội dung sơ lược: Bài viết chỉ trích Phạm Văn Đồng vì bức ảnh được cho là thân thiện với Trung Quốc trong bối cảnh chiến tranh biên giới và việc ký văn bản liên quan đến Hoàng Sa, Trường Sa. Tác giả cáo buộc ông phản bội lại những người đã hy sinh và bán nước.

2. Vấn đề: Tính chính xác của thông tin về bức ảnh và văn bản ký kết, cũng như việc quy kết động cơ và ý nghĩa của hành động của Phạm Văn Đồng.

3. Phản động/tin giả: Có. Bài viết mang tính chất công kích, xuyên tạc lịch sử và kích động hận thù dân tộc, bôi nhọ lãnh đạo.",công hàm nào thể hiện bạn nước công hàm nào thế đưa ra xem nào. kêu bán nước bạn giá bao nhiêu bán hình thức nào,KHONG_PHAN_DONG
"1. Nội dung sơ lược: Bài viết chỉ trích Phạm Văn Đồng vì bức ảnh được cho là thân thiện với Trung Quốc trong bối cảnh chiến tranh biên giới và việc ký văn bản liên quan đến Hoàng Sa, Trường Sa. Tác giả cáo buộc ông phản bội lại những người đã hy sinh và bán nước.

2. Vấn đề: Tính chính xác của thông tin về bức ảnh và văn bản ký kết, cũng như việc quy kết động cơ và ý nghĩa của hành động của Phạm Văn Đồng.

3. Phản động/tin giả: Có. Bài viết mang tính chất công kích, xuyên tạc lịch sử và kích động hận thù dân tộc, bôi nhọ lãnh đạo.",mẹ chúng mày không có việc gì làm nên cắt gép bôi xấu đánh dự người khác câu lại câu víu định lật đổ chính quyề hả xưa rồi bây người dân việt nam chúng tao đâu có ngu nếu không có những người như phj văn đồng tôn đức thắng và rất nhiều người khác đã cùng bác hồ đứng lên làm gì có ngày này chúng mày ăn tiền của bố gì nước ngoài để bêu xấu những vĩ nhân của đất nước tạo hả bà con đừng nge bọn này nó là phản động đấy nó đánh tráo khái niệm để lật đổ chính quyền của mình khốn nạn,KHONG_PHAN_DONG
"1. Nội dung sơ lược: Bài viết chỉ trích Phạm Văn Đồng vì bức ảnh được cho là thân thiện với Trung Quốc trong bối cảnh chiến tranh biên giới và việc ký văn bản liên quan đến Hoàng Sa, Trường Sa. Tác giả cáo buộc ông phản bội lại những người đã hy sinh và bán nước.

2. Vấn đề: Tính chính xác của thông tin về bức ảnh và văn bản ký kết, cũng như việc quy kết động cơ và ý nghĩa của hành động của Phạm Văn Đồng.

3. Phản động/tin giả: Có. Bài viết mang tính chất công kích, xuyên tạc lịch sử và kích động hận thù dân tộc, bôi nhọ lãnh đạo.",bọn mày không có nước mới nhục đó bọn ba que. bọn mày bán nước hại dân.,KHONG_PHAN_DONG
"1. Nội dung sơ lược: Bài viết chỉ trích Phạm Văn Đồng vì bức ảnh được cho là thân thiện với Trung Quốc trong bối cảnh chiến tranh biên giới và việc ký văn bản liên quan đến Hoàng Sa, Trường Sa. Tác giả cáo buộc ông phản bội lại những người đã hy sinh và bán nước.

2. Vấn đề: Tính chính xác của thông tin về bức ảnh và văn bản ký kết, cũng như việc quy kết động cơ và ý nghĩa của hành động của Phạm Văn Đồng.

3. Phản động/tin giả: Có. Bài viết mang tính chất công kích, xuyên tạc lịch sử và kích động hận thù dân tộc, bôi nhọ lãnh đạo.",bán nước mà giờ việt nam độc lập tự do còn cái thằng leo lẻo yêu nước giờ thì lưu vong hài thế,KHONG_PHAN_DONG
"1. Nội dung sơ lược: Bài viết chỉ trích Phạm Văn Đồng vì bức ảnh được cho là thân thiện với Trung Quốc trong bối cảnh chiến tranh biên giới và việc ký văn bản liên quan đến Hoàng Sa, Trường Sa. Tác giả cáo buộc ông phản bội lại những người đã hy sinh và bán nước.

2. Vấn đề: Tính chính xác của thông tin về bức ảnh và văn bản ký kết, cũng như việc quy kết động cơ và ý nghĩa của hành động của Phạm Văn Đồng.

3. Phản động/tin giả: Có. Bài viết mang tính chất công kích, xuyên tạc lịch sử và kích động hận thù dân tộc, bôi nhọ lãnh đạo.",nhìn 'hàng thần việt cộng' nhỏ 'nước mắt cá sấu' làm trò hề chính trị bán nước cầu quyền lực quan thầy trung cộng cũng đứng cười với nhau.,PHAN_DONG
"1. Nội dung sơ lược: Bài viết chỉ trích Phạm Văn Đồng vì bức ảnh được cho là thân thiện với Trung Quốc trong bối cảnh chiến tranh biên giới và việc ký văn bản liên quan đến Hoàng Sa, Trường Sa. Tác giả cáo buộc ông phản bội lại những người đã hy sinh và bán nước.

2. Vấn đề: Tính chính xác của thông tin về bức ảnh và văn bản ký kết, cũng như việc quy kết động cơ và ý nghĩa của hành động của Phạm Văn Đồng.

3. Phản động/tin giả: Có. Bài viết mang tính chất công kích, xuyên tạc lịch sử và kích động hận thù dân tộc, bôi nhọ lãnh đạo.",mấy thằng bán nước chúng mày không từ một thủ đoạn nào để chống phá. tao luôn tự hào với những bậc lãnh đạo tiền bối qua các thế hệ.,KHONG_PHAN_DONG
"1. Nội dung sơ lược: Bài viết chỉ trích Phạm Văn Đồng vì bức ảnh được cho là thân thiện với Trung Quốc trong bối cảnh chiến tranh biên giới và việc ký văn bản liên quan đến Hoàng Sa, Trường Sa. Tác giả cáo buộc ông phản bội lại những người đã hy sinh và bán nước.

2. Vấn đề: Tính chính xác của thông tin về bức ảnh và văn bản ký kết, cũng như việc quy kết động cơ và ý nghĩa của hành động của Phạm Văn Đồng.

3. Phản động/tin giả: Có. Bài viết mang tính chất công kích, xuyên tạc lịch sử và kích động hận thù dân tộc, bôi nhọ lãnh đạo.",tại thời điểm đó toàn dân tộc việt nam những người dân có chủ quyền của một nước được bác hồ lãnh đạo dành độc lập đều khóc thương tiếc người chỉ trừ bè lũ bán nước,KHONG_PHAN_DONG
"1. Nội dung sơ lược: Bài viết chỉ trích Phạm Văn Đồng vì bức ảnh được cho là thân thiện với Trung Quốc trong bối cảnh chiến tranh biên giới và việc ký văn bản liên quan đến Hoàng Sa, Trường Sa. Tác giả cáo buộc ông phản bội lại những người đã hy sinh và bán nước.

2. Vấn đề: Tính chính xác của thông tin về bức ảnh và văn bản ký kết, cũng như việc quy kết động cơ và ý nghĩa của hành động của Phạm Văn Đồng.

3. Phản động/tin giả: Có. Bài viết mang tính chất công kích, xuyên tạc lịch sử và kích động hận thù dân tộc, bôi nhọ lãnh đạo.",còn mẹ lũ bán nước cẩn thận trùm đuoi về nước đấy mà chúng mày sống lưu vong về việt nam cũng bị đuổi thôi,KHONG_PHAN_DONG
"1. Nội dung sơ lược: Bài viết chỉ trích Phạm Văn Đồng vì bức ảnh được cho là thân thiện với Trung Quốc trong bối cảnh chiến tranh biên giới và việc ký văn bản liên quan đến Hoàng Sa, Trường Sa. Tác giả cáo buộc ông phản bội lại những người đã hy sinh và bán nước.

2. Vấn đề: Tính chính xác của thông tin về bức ảnh và văn bản ký kết, cũng như việc quy kết động cơ và ý nghĩa của hành động của Phạm Văn Đồng.

3. Phản động/tin giả: Có. Bài viết mang tính chất công kích, xuyên tạc lịch sử và kích động hận thù dân tộc, bôi nhọ lãnh đạo.",nhật ký bán nước và bỏ chạy,KHONG_PHAN_DONG
"1. Nội dung sơ lược: Bài viết chỉ trích Phạm Văn Đồng vì bức ảnh được cho là thân thiện với Trung Quốc trong bối cảnh chiến tranh biên giới và việc ký văn bản liên quan đến Hoàng Sa, Trường Sa. Tác giả cáo buộc ông phản bội lại những người đã hy sinh và bán nước.

2. Vấn đề: Tính chính xác của thông tin về bức ảnh và văn bản ký kết, cũng như việc quy kết động cơ và ý nghĩa của hành động của Phạm Văn Đồng.

3. Phản động/tin giả: Có. Bài viết mang tính chất công kích, xuyên tạc lịch sử và kích động hận thù dân tộc, bôi nhọ lãnh đạo.",kinh doanh mang lại nguồn thu cho đất nước. tự cung tự cấp đó là bước tiến bộ đó là sai à. bán nước giá bao nhiêu đó còn quân đội nào không có quyền bảo vệ đất nước nhỉ. mày về xem hoặc bọn việt nam cộng hòa về xem thấy luôn. đúng bọn thất bại và lưu vong,KHONG_PHAN_DONG
"1. Nội dung sơ lược: Bài viết chỉ trích Phạm Văn Đồng vì bức ảnh được cho là thân thiện với Trung Quốc trong bối cảnh chiến tranh biên giới và việc ký văn bản liên quan đến Hoàng Sa, Trường Sa. Tác giả cáo buộc ông phản bội lại những người đã hy sinh và bán nước.

2. Vấn đề: Tính chính xác của thông tin về bức ảnh và văn bản ký kết, cũng như việc quy kết động cơ và ý nghĩa của hành động của Phạm Văn Đồng.

3. Phản động/tin giả: Có. Bài viết mang tính chất công kích, xuyên tạc lịch sử và kích động hận thù dân tộc, bôi nhọ lãnh đạo.",nhục là mất đứa bán nước giờ không có trên bản đồ á,KHONG_LIEN_QUAN
"1. Nội dung sơ lược: Bài viết chỉ trích Phạm Văn Đồng vì bức ảnh được cho là thân thiện với Trung Quốc trong bối cảnh chiến tranh biên giới và việc ký văn bản liên quan đến Hoàng Sa, Trường Sa. Tác giả cáo buộc ông phản bội lại những người đã hy sinh và bán nước.

2. Vấn đề: Tính chính xác của thông tin về bức ảnh và văn bản ký kết, cũng như việc quy kết động cơ và ý nghĩa của hành động của Phạm Văn Đồng.

3. Phản động/tin giả: Có. Bài viết mang tính chất công kích, xuyên tạc lịch sử và kích động hận thù dân tộc, bôi nhọ lãnh đạo.",quá nhục nhã ê chề cho cái lử bán nước hại dân,KHONG_PHAN_DONG
"1. Nội dung sơ lược: Bài viết chỉ trích Phạm Văn Đồng vì bức ảnh được cho là thân thiện với Trung Quốc trong bối cảnh chiến tranh biên giới và việc ký văn bản liên quan đến Hoàng Sa, Trường Sa. Tác giả cáo buộc ông phản bội lại những người đã hy sinh và bán nước.

2. Vấn đề: Tính chính xác của thông tin về bức ảnh và văn bản ký kết, cũng như việc quy kết động cơ và ý nghĩa của hành động của Phạm Văn Đồng.

3. Phản động/tin giả: Có. Bài viết mang tính chất công kích, xuyên tạc lịch sử và kích động hận thù dân tộc, bôi nhọ lãnh đạo.",đây là bức ảnh chụp đoàn đại biểu đảng cộng sản trung quốc do thủ tướng quốc vụ viện chu ân lai dẫn đầu đến dự tang lễ bác hồ ngày sáu/chín/1969. sinh thời bác hồ và thủ tướng chu ân lai kết nghĩa anh em bác hồ là anh còn thủ tướng chu ân lai là em trước nỗi đau thương mất mát quá lớn của dân tộc việt nam thủ tướng phạm văn đồng đã khóc khi gặp thủ tướng chu ân lai bên linh cữu của bác hồ. trong ảnh một số cán bộ có đeo băng tang đến trước ngực,KHONG_LIEN_QUAN
"1. Nội dung sơ lược: Bài viết chỉ trích Phạm Văn Đồng vì bức ảnh được cho là thân thiện với Trung Quốc trong bối cảnh chiến tranh biên giới và việc ký văn bản liên quan đến Hoàng Sa, Trường Sa. Tác giả cáo buộc ông phản bội lại những người đã hy sinh và bán nước.

2. Vấn đề: Tính chính xác của thông tin về bức ảnh và văn bản ký kết, cũng như việc quy kết động cơ và ý nghĩa của hành động của Phạm Văn Đồng.

3. Phản động/tin giả: Có. Bài viết mang tính chất công kích, xuyên tạc lịch sử và kích động hận thù dân tộc, bôi nhọ lãnh đạo.",tay sai bán nước bắc việt cõng rắn cắn gà nhà,PHAN_DONG
"1. Nội dung sơ lược: Bài viết chỉ trích Phạm Văn Đồng vì bức ảnh được cho là thân thiện với Trung Quốc trong bối cảnh chiến tranh biên giới và việc ký văn bản liên quan đến Hoàng Sa, Trường Sa. Tác giả cáo buộc ông phản bội lại những người đã hy sinh và bán nước.

2. Vấn đề: Tính chính xác của thông tin về bức ảnh và văn bản ký kết, cũng như việc quy kết động cơ và ý nghĩa của hành động của Phạm Văn Đồng.

3. Phản động/tin giả: Có. Bài viết mang tính chất công kích, xuyên tạc lịch sử và kích động hận thù dân tộc, bôi nhọ lãnh đạo.",kênh này bán nước thì có có ký thì china mang ra đè cướp đảo công khai rồi.,KHONG_PHAN_DONG
"1. Nội dung sơ lược: Bài viết chỉ trích Phạm Văn Đồng vì bức ảnh được cho là thân thiện với Trung Quốc trong bối cảnh chiến tranh biên giới và việc ký văn bản liên quan đến Hoàng Sa, Trường Sa. Tác giả cáo buộc ông phản bội lại những người đã hy sinh và bán nước.

2. Vấn đề: Tính chính xác của thông tin về bức ảnh và văn bản ký kết, cũng như việc quy kết động cơ và ý nghĩa của hành động của Phạm Văn Đồng.

3. Phản động/tin giả: Có. Bài viết mang tính chất công kích, xuyên tạc lịch sử và kích động hận thù dân tộc, bôi nhọ lãnh đạo.",khóc vì cùng bọn bán nước,KHONG_PHAN_DONG
"1. Nội dung sơ lược: Bài viết chỉ trích Phạm Văn Đồng vì bức ảnh được cho là thân thiện với Trung Quốc trong bối cảnh chiến tranh biên giới và việc ký văn bản liên quan đến Hoàng Sa, Trường Sa. Tác giả cáo buộc ông phản bội lại những người đã hy sinh và bán nước.

2. Vấn đề: Tính chính xác của thông tin về bức ảnh và văn bản ký kết, cũng như việc quy kết động cơ và ý nghĩa của hành động của Phạm Văn Đồng.

3. Phản động/tin giả: Có. Bài viết mang tính chất công kích, xuyên tạc lịch sử và kích động hận thù dân tộc, bôi nhọ lãnh đạo.",kêu mấy thằng dư luận viên vào xem phạm văn đồng khóc lóc van xin quan thầy trung quốc tai nghe không bang mắt thấy gớm bộ mặt của đảng cộng sản việt nam,PHAN_DONG
"1. Nội dung sơ lược: Bài viết chỉ trích Phạm Văn Đồng vì bức ảnh được cho là thân thiện với Trung Quốc trong bối cảnh chiến tranh biên giới và việc ký văn bản liên quan đến Hoàng Sa, Trường Sa. Tác giả cáo buộc ông phản bội lại những người đã hy sinh và bán nước.

2. Vấn đề: Tính chính xác của thông tin về bức ảnh và văn bản ký kết, cũng như việc quy kết động cơ và ý nghĩa của hành động của Phạm Văn Đồng.

3. Phản động/tin giả: Có. Bài viết mang tính chất công kích, xuyên tạc lịch sử và kích động hận thù dân tộc, bôi nhọ lãnh đạo.",bọn bán nước .phản bội đồng bào.lấy tư cách gì để nói về những người yêu nước.,KHONG_PHAN_DONG
"1. Nội dung sơ lược: Bài viết chỉ trích Phạm Văn Đồng vì bức ảnh được cho là thân thiện với Trung Quốc trong bối cảnh chiến tranh biên giới và việc ký văn bản liên quan đến Hoàng Sa, Trường Sa. Tác giả cáo buộc ông phản bội lại những người đã hy sinh và bán nước.

2. Vấn đề: Tính chính xác của thông tin về bức ảnh và văn bản ký kết, cũng như việc quy kết động cơ và ý nghĩa của hành động của Phạm Văn Đồng.

3. Phản động/tin giả: Có. Bài viết mang tính chất công kích, xuyên tạc lịch sử và kích động hận thù dân tộc, bôi nhọ lãnh đạo.",loại bán nước bỏ đất mà trốn mới ơi nhục,KHONG_PHAN_DONG
"1. Nội dung sơ lược: Bài viết chỉ trích Phạm Văn Đồng vì bức ảnh được cho là thân thiện với Trung Quốc trong bối cảnh chiến tranh biên giới và việc ký văn bản liên quan đến Hoàng Sa, Trường Sa. Tác giả cáo buộc ông phản bội lại những người đã hy sinh và bán nước.

2. Vấn đề: Tính chính xác của thông tin về bức ảnh và văn bản ký kết, cũng như việc quy kết động cơ và ý nghĩa của hành động của Phạm Văn Đồng.

3. Phản động/tin giả: Có. Bài viết mang tính chất công kích, xuyên tạc lịch sử và kích động hận thù dân tộc, bôi nhọ lãnh đạo.",nhục cái thằng cụ tổ nhà mày ấy lũ bán nước không biết nhục .lại còn bảo người yêu nước nhục,KHONG_PHAN_DONG
"1. Nội dung sơ lược: Bài viết chỉ trích Phạm Văn Đồng vì bức ảnh được cho là thân thiện với Trung Quốc trong bối cảnh chiến tranh biên giới và việc ký văn bản liên quan đến Hoàng Sa, Trường Sa. Tác giả cáo buộc ông phản bội lại những người đã hy sinh và bán nước.

2. Vấn đề: Tính chính xác của thông tin về bức ảnh và văn bản ký kết, cũng như việc quy kết động cơ và ý nghĩa của hành động của Phạm Văn Đồng.

3. Phản động/tin giả: Có. Bài viết mang tính chất công kích, xuyên tạc lịch sử và kích động hận thù dân tộc, bôi nhọ lãnh đạo.",dân của nước nào thì bảo bộc công dân nước đó chẳng có quốc gia nào ưu ái cho dân tộc khác cả. như gia đình mình thì mình yêu thương chứ có yêu thương gia đình người khác đâu mấy em ba que dại lắm luôn nói về chiến tranh miễn bàn đúng hay sai nhưng công dân nước nào thì nên ở nước đó vậy chẳng có nước mỹ pháp nào nó bảo bọc dân việt cả trừ khi bạn là nhân tài trăm năm khó gặp.,KHONG_PHAN_DONG
"1. Nội dung sơ lược: Bài viết chỉ trích Phạm Văn Đồng vì bức ảnh được cho là thân thiện với Trung Quốc trong bối cảnh chiến tranh biên giới và việc ký văn bản liên quan đến Hoàng Sa, Trường Sa. Tác giả cáo buộc ông phản bội lại những người đã hy sinh và bán nước.

2. Vấn đề: Tính chính xác của thông tin về bức ảnh và văn bản ký kết, cũng như việc quy kết động cơ và ý nghĩa của hành động của Phạm Văn Đồng.

3. Phản động/tin giả: Có. Bài viết mang tính chất công kích, xuyên tạc lịch sử và kích động hận thù dân tộc, bôi nhọ lãnh đạo.",giọng điệu này là một tên việt gian chính hãng,KHONG_PHAN_DONG
"1. Nội dung sơ lược: Bài viết chỉ trích Phạm Văn Đồng vì bức ảnh được cho là thân thiện với Trung Quốc trong bối cảnh chiến tranh biên giới và việc ký văn bản liên quan đến Hoàng Sa, Trường Sa. Tác giả cáo buộc ông phản bội lại những người đã hy sinh và bán nước.

2. Vấn đề: Tính chính xác của thông tin về bức ảnh và văn bản ký kết, cũng như việc quy kết động cơ và ý nghĩa của hành động của Phạm Văn Đồng.

3. Phản động/tin giả: Có. Bài viết mang tính chất công kích, xuyên tạc lịch sử và kích động hận thù dân tộc, bôi nhọ lãnh đạo.",30 bốn gần đến tânba que đag hoài niệm dĩ vãng,KHONG_PHAN_DONG
"1. Nội dung sơ lược: Bài viết chỉ trích Phạm Văn Đồng vì bức ảnh được cho là thân thiện với Trung Quốc trong bối cảnh chiến tranh biên giới và việc ký văn bản liên quan đến Hoàng Sa, Trường Sa. Tác giả cáo buộc ông phản bội lại những người đã hy sinh và bán nước.

2. Vấn đề: Tính chính xác của thông tin về bức ảnh và văn bản ký kết, cũng như việc quy kết động cơ và ý nghĩa của hành động của Phạm Văn Đồng.

3. Phản động/tin giả: Có. Bài viết mang tính chất công kích, xuyên tạc lịch sử và kích động hận thù dân tộc, bôi nhọ lãnh đạo.",ảnh lúc bác hồ kính yêu mất tg phản động xuyên tạc người đọc cảnh giác,KHONG_PHAN_DONG
"1. Nội dung sơ lược: Bài viết chỉ trích Phạm Văn Đồng vì bức ảnh được cho là thân thiện với Trung Quốc trong bối cảnh chiến tranh biên giới và việc ký văn bản liên quan đến Hoàng Sa, Trường Sa. Tác giả cáo buộc ông phản bội lại những người đã hy sinh và bán nước.

2. Vấn đề: Tính chính xác của thông tin về bức ảnh và văn bản ký kết, cũng như việc quy kết động cơ và ý nghĩa của hành động của Phạm Văn Đồng.

3. Phản động/tin giả: Có. Bài viết mang tính chất công kích, xuyên tạc lịch sử và kích động hận thù dân tộc, bôi nhọ lãnh đạo.",thầy giáo sao để việt gian dắt mũi dễ vậy. dạy ai,KHONG_PHAN_DONG
"1. Nội dung sơ lược: Bài viết chỉ trích Phạm Văn Đồng vì bức ảnh được cho là thân thiện với Trung Quốc trong bối cảnh chiến tranh biên giới và việc ký văn bản liên quan đến Hoàng Sa, Trường Sa. Tác giả cáo buộc ông phản bội lại những người đã hy sinh và bán nước.

2. Vấn đề: Tính chính xác của thông tin về bức ảnh và văn bản ký kết, cũng như việc quy kết động cơ và ý nghĩa của hành động của Phạm Văn Đồng.

3. Phản động/tin giả: Có. Bài viết mang tính chất công kích, xuyên tạc lịch sử và kích động hận thù dân tộc, bôi nhọ lãnh đạo.",không tin bọn này ba que nó ghép ảnh mà bọn ba que không còn ai chứa nó đang cắn càn đó mà,KHONG_PHAN_DONG
"1. Nội dung sơ lược: Bài viết chỉ trích Phạm Văn Đồng vì bức ảnh được cho là thân thiện với Trung Quốc trong bối cảnh chiến tranh biên giới và việc ký văn bản liên quan đến Hoàng Sa, Trường Sa. Tác giả cáo buộc ông phản bội lại những người đã hy sinh và bán nước.

2. Vấn đề: Tính chính xác của thông tin về bức ảnh và văn bản ký kết, cũng như việc quy kết động cơ và ý nghĩa của hành động của Phạm Văn Đồng.

3. Phản động/tin giả: Có. Bài viết mang tính chất công kích, xuyên tạc lịch sử và kích động hận thù dân tộc, bôi nhọ lãnh đạo.",coi thường thế này á ba que,KHONG_PHAN_DONG
"1. Nội dung sơ lược: Bài viết chỉ trích Phạm Văn Đồng vì bức ảnh được cho là thân thiện với Trung Quốc trong bối cảnh chiến tranh biên giới và việc ký văn bản liên quan đến Hoàng Sa, Trường Sa. Tác giả cáo buộc ông phản bội lại những người đã hy sinh và bán nước.

2. Vấn đề: Tính chính xác của thông tin về bức ảnh và văn bản ký kết, cũng như việc quy kết động cơ và ý nghĩa của hành động của Phạm Văn Đồng.

3. Phản động/tin giả: Có. Bài viết mang tính chất công kích, xuyên tạc lịch sử và kích động hận thù dân tộc, bôi nhọ lãnh đạo.",tẩy chay kênh phản động khốn nạn này đị mọi người ơi,KHONG_PHAN_DONG
"1. Nội dung sơ lược: Bài viết chỉ trích Phạm Văn Đồng vì bức ảnh được cho là thân thiện với Trung Quốc trong bối cảnh chiến tranh biên giới và việc ký văn bản liên quan đến Hoàng Sa, Trường Sa. Tác giả cáo buộc ông phản bội lại những người đã hy sinh và bán nước.

2. Vấn đề: Tính chính xác của thông tin về bức ảnh và văn bản ký kết, cũng như việc quy kết động cơ và ý nghĩa của hành động của Phạm Văn Đồng.

3. Phản động/tin giả: Có. Bài viết mang tính chất công kích, xuyên tạc lịch sử và kích động hận thù dân tộc, bôi nhọ lãnh đạo.",cái gì đấy định xuyên tạc lịch sử à hoàng sa bị trung quốc chiếm năm 1974 trách nhiệm lúc đó của việt nam cộng hòa chứ. nay lại đổ cho ô phạm văn đồng đúng ba/ là đỉnh cao của sự đê tiện tráo trở. thảo nào mà dân miền nam họ không ủng hộ thảo nào mà mĩ nó vứt bỏ.,KHONG_PHAN_DONG
"1. Nội dung sơ lược: Bài viết chỉ trích Phạm Văn Đồng vì bức ảnh được cho là thân thiện với Trung Quốc trong bối cảnh chiến tranh biên giới và việc ký văn bản liên quan đến Hoàng Sa, Trường Sa. Tác giả cáo buộc ông phản bội lại những người đã hy sinh và bán nước.

2. Vấn đề: Tính chính xác của thông tin về bức ảnh và văn bản ký kết, cũng như việc quy kết động cơ và ý nghĩa của hành động của Phạm Văn Đồng.

3. Phản động/tin giả: Có. Bài viết mang tính chất công kích, xuyên tạc lịch sử và kích động hận thù dân tộc, bôi nhọ lãnh đạo.",đây là bức ảnh đoàn đại biểu cấp cao trung quốc tháng chín/1969 do thủ tướng chuânlai dẫn đầu sang viếng bác hồ thủ tướng phạm văn đồng ra tiếp đón thủ tướng xúc động trước thủ tướng chu ân lai và khóc. vậy mà bọn ba/ chúng xuyên tạc trắng trợn vậy. đúng là một lũ khốn nạn vì hận thù mà chúng không còn từ một thủ đoạn đê tiện nào. mọi người hãy tỉnh táo đừng mắc mưu chúng chúng chỉ muốn đất nước việt nam rối loạn chia rẽ mà thôi.,KHONG_PHAN_DONG
"1. Nội dung sơ lược: Bài viết chỉ trích Phạm Văn Đồng vì bức ảnh được cho là thân thiện với Trung Quốc trong bối cảnh chiến tranh biên giới và việc ký văn bản liên quan đến Hoàng Sa, Trường Sa. Tác giả cáo buộc ông phản bội lại những người đã hy sinh và bán nước.

2. Vấn đề: Tính chính xác của thông tin về bức ảnh và văn bản ký kết, cũng như việc quy kết động cơ và ý nghĩa của hành động của Phạm Văn Đồng.

3. Phản động/tin giả: Có. Bài viết mang tính chất công kích, xuyên tạc lịch sử và kích động hận thù dân tộc, bôi nhọ lãnh đạo.",còn nhục cho bọn ba que chúng mày đéo biết phân biệt đây là ảnh thủ tướng phạm văn đồng ôm tay chu ân lai khóc khi bác mất,KHONG_PHAN_DONG
"1. Nội dung sơ lược: Bài viết chỉ trích Phạm Văn Đồng vì bức ảnh được cho là thân thiện với Trung Quốc trong bối cảnh chiến tranh biên giới và việc ký văn bản liên quan đến Hoàng Sa, Trường Sa. Tác giả cáo buộc ông phản bội lại những người đã hy sinh và bán nước.

2. Vấn đề: Tính chính xác của thông tin về bức ảnh và văn bản ký kết, cũng như việc quy kết động cơ và ý nghĩa của hành động của Phạm Văn Đồng.

3. Phản động/tin giả: Có. Bài viết mang tính chất công kích, xuyên tạc lịch sử và kích động hận thù dân tộc, bôi nhọ lãnh đạo.",đúng với bản chất ba que,KHONG_PHAN_DONG
"1. Nội dung sơ lược: Bài viết chỉ trích Phạm Văn Đồng vì bức ảnh được cho là thân thiện với Trung Quốc trong bối cảnh chiến tranh biên giới và việc ký văn bản liên quan đến Hoàng Sa, Trường Sa. Tác giả cáo buộc ông phản bội lại những người đã hy sinh và bán nước.

2. Vấn đề: Tính chính xác của thông tin về bức ảnh và văn bản ký kết, cũng như việc quy kết động cơ và ý nghĩa của hành động của Phạm Văn Đồng.

3. Phản động/tin giả: Có. Bài viết mang tính chất công kích, xuyên tạc lịch sử và kích động hận thù dân tộc, bôi nhọ lãnh đạo.",đây là nội dung ba que xỏ lá tào lao.,KHONG_PHAN_DONG
"1. Nội dung sơ lược: Bài viết chỉ trích Phạm Văn Đồng vì bức ảnh được cho là thân thiện với Trung Quốc trong bối cảnh chiến tranh biên giới và việc ký văn bản liên quan đến Hoàng Sa, Trường Sa. Tác giả cáo buộc ông phản bội lại những người đã hy sinh và bán nước.

2. Vấn đề: Tính chính xác của thông tin về bức ảnh và văn bản ký kết, cũng như việc quy kết động cơ và ý nghĩa của hành động của Phạm Văn Đồng.

3. Phản động/tin giả: Có. Bài viết mang tính chất công kích, xuyên tạc lịch sử và kích động hận thù dân tộc, bôi nhọ lãnh đạo.",cái thằng này mày giật tít bức ảnh và những lời bình luận đều là của bọn ba que chống cộng đánh lừa và kích động những người không biết. khi bác mất các đoàn quốc tế đến viếng. ông phạm văn đồng lúc đó là thủ tướng chính phủ rất thương sót sự ra đi của bác nên cúi đầu cảm bạn bè thế giới đã đến chia buồn với đảng chính phủ và nhân việt nam và đã thể hiện lòng biết ơn và tôn trọng với các đoàn khách theo phong tục của việt nam ta.,KHONG_PHAN_DONG
"1. Nội dung sơ lược: Bài viết chỉ trích Phạm Văn Đồng vì bức ảnh được cho là thân thiện với Trung Quốc trong bối cảnh chiến tranh biên giới và việc ký văn bản liên quan đến Hoàng Sa, Trường Sa. Tác giả cáo buộc ông phản bội lại những người đã hy sinh và bán nước.

2. Vấn đề: Tính chính xác của thông tin về bức ảnh và văn bản ký kết, cũng như việc quy kết động cơ và ý nghĩa của hành động của Phạm Văn Đồng.

3. Phản động/tin giả: Có. Bài viết mang tính chất công kích, xuyên tạc lịch sử và kích động hận thù dân tộc, bôi nhọ lãnh đạo.",quá khứ thì thật bại. hiện tại thì lưu vong tương lai thì lòng vòng rồi lại chui xuống hố. ba/ tức à,KHONG_PHAN_DONG
"1. Nội dung sơ lược: Bài viết chỉ trích Phạm Văn Đồng vì bức ảnh được cho là thân thiện với Trung Quốc trong bối cảnh chiến tranh biên giới và việc ký văn bản liên quan đến Hoàng Sa, Trường Sa. Tác giả cáo buộc ông phản bội lại những người đã hy sinh và bán nước.

2. Vấn đề: Tính chính xác của thông tin về bức ảnh và văn bản ký kết, cũng như việc quy kết động cơ và ý nghĩa của hành động của Phạm Văn Đồng.

3. Phản động/tin giả: Có. Bài viết mang tính chất công kích, xuyên tạc lịch sử và kích động hận thù dân tộc, bôi nhọ lãnh đạo.",giờ mới lòi ra hà lúc trước ai đứa tấm hình này lên gọi là phản động bây giờ thì là yêu nước phải không mấy bộ,KHONG_PHAN_DONG
"1. Nội dung sơ lược: Bài viết chỉ trích Phạm Văn Đồng vì bức ảnh được cho là thân thiện với Trung Quốc trong bối cảnh chiến tranh biên giới và việc ký văn bản liên quan đến Hoàng Sa, Trường Sa. Tác giả cáo buộc ông phản bội lại những người đã hy sinh và bán nước.

2. Vấn đề: Tính chính xác của thông tin về bức ảnh và văn bản ký kết, cũng như việc quy kết động cơ và ý nghĩa của hành động của Phạm Văn Đồng.

3. Phản động/tin giả: Có. Bài viết mang tính chất công kích, xuyên tạc lịch sử và kích động hận thù dân tộc, bôi nhọ lãnh đạo.",ba que sao giống ông minh tuệ ký cho người ta ở malaysia vậy ta,KHONG_PHAN_DONG
"1. Nội dung sơ lược: Bài viết chỉ trích Phạm Văn Đồng vì bức ảnh được cho là thân thiện với Trung Quốc trong bối cảnh chiến tranh biên giới và việc ký văn bản liên quan đến Hoàng Sa, Trường Sa. Tác giả cáo buộc ông phản bội lại những người đã hy sinh và bán nước.

2. Vấn đề: Tính chính xác của thông tin về bức ảnh và văn bản ký kết, cũng như việc quy kết động cơ và ý nghĩa của hành động của Phạm Văn Đồng.

3. Phản động/tin giả: Có. Bài viết mang tính chất công kích, xuyên tạc lịch sử và kích động hận thù dân tộc, bôi nhọ lãnh đạo.",bọnba que phan động ăn cưt' n quá nên ngu không biết gì về hình ảnh này,KHONG_PHAN_DONG
"1. Nội dung sơ lược: Bài viết chỉ trích Phạm Văn Đồng vì bức ảnh được cho là thân thiện với Trung Quốc trong bối cảnh chiến tranh biên giới và việc ký văn bản liên quan đến Hoàng Sa, Trường Sa. Tác giả cáo buộc ông phản bội lại những người đã hy sinh và bán nước.

2. Vấn đề: Tính chính xác của thông tin về bức ảnh và văn bản ký kết, cũng như việc quy kết động cơ và ý nghĩa của hành động của Phạm Văn Đồng.

3. Phản động/tin giả: Có. Bài viết mang tính chất công kích, xuyên tạc lịch sử và kích động hận thù dân tộc, bôi nhọ lãnh đạo.",hình ảnh này có phải phản động ghép không ta,KHONG_PHAN_DONG
"1. Nội dung sơ lược: Bài viết chỉ trích Phạm Văn Đồng vì bức ảnh được cho là thân thiện với Trung Quốc trong bối cảnh chiến tranh biên giới và việc ký văn bản liên quan đến Hoàng Sa, Trường Sa. Tác giả cáo buộc ông phản bội lại những người đã hy sinh và bán nước.

2. Vấn đề: Tính chính xác của thông tin về bức ảnh và văn bản ký kết, cũng như việc quy kết động cơ và ý nghĩa của hành động của Phạm Văn Đồng.

3. Phản động/tin giả: Có. Bài viết mang tính chất công kích, xuyên tạc lịch sử và kích động hận thù dân tộc, bôi nhọ lãnh đạo.",phản động bắt đầu hoành hành đây mà,KHONG_PHAN_DONG
"1. Nội dung sơ lược: Bài viết chỉ trích Phạm Văn Đồng vì bức ảnh được cho là thân thiện với Trung Quốc trong bối cảnh chiến tranh biên giới và việc ký văn bản liên quan đến Hoàng Sa, Trường Sa. Tác giả cáo buộc ông phản bội lại những người đã hy sinh và bán nước.

2. Vấn đề: Tính chính xác của thông tin về bức ảnh và văn bản ký kết, cũng như việc quy kết động cơ và ý nghĩa của hành động của Phạm Văn Đồng.

3. Phản động/tin giả: Có. Bài viết mang tính chất công kích, xuyên tạc lịch sử và kích động hận thù dân tộc, bôi nhọ lãnh đạo.",sắp hết cứt để ăn chưa ba/,KHONG_PHAN_DONG
"1. Nội dung sơ lược: Bài viết chỉ trích Phạm Văn Đồng vì bức ảnh được cho là thân thiện với Trung Quốc trong bối cảnh chiến tranh biên giới và việc ký văn bản liên quan đến Hoàng Sa, Trường Sa. Tác giả cáo buộc ông phản bội lại những người đã hy sinh và bán nước.

2. Vấn đề: Tính chính xác của thông tin về bức ảnh và văn bản ký kết, cũng như việc quy kết động cơ và ý nghĩa của hành động của Phạm Văn Đồng.

3. Phản động/tin giả: Có. Bài viết mang tính chất công kích, xuyên tạc lịch sử và kích động hận thù dân tộc, bôi nhọ lãnh đạo.",bọn chuyên phản động chúng nó tìm mọi thủ đoạn để nói xấu,KHONG_PHAN_DONG
"1. Nội dung sơ lược: Bài viết chỉ trích Phạm Văn Đồng vì bức ảnh được cho là thân thiện với Trung Quốc trong bối cảnh chiến tranh biên giới và việc ký văn bản liên quan đến Hoàng Sa, Trường Sa. Tác giả cáo buộc ông phản bội lại những người đã hy sinh và bán nước.

2. Vấn đề: Tính chính xác của thông tin về bức ảnh và văn bản ký kết, cũng như việc quy kết động cơ và ý nghĩa của hành động của Phạm Văn Đồng.

3. Phản động/tin giả: Có. Bài viết mang tính chất công kích, xuyên tạc lịch sử và kích động hận thù dân tộc, bôi nhọ lãnh đạo.",đây là giọng điệu của bọn ba que,KHONG_PHAN_DONG
"1. Nội dung sơ lược: Bài viết chỉ trích Phạm Văn Đồng vì bức ảnh được cho là thân thiện với Trung Quốc trong bối cảnh chiến tranh biên giới và việc ký văn bản liên quan đến Hoàng Sa, Trường Sa. Tác giả cáo buộc ông phản bội lại những người đã hy sinh và bán nước.

2. Vấn đề: Tính chính xác của thông tin về bức ảnh và văn bản ký kết, cũng như việc quy kết động cơ và ý nghĩa của hành động của Phạm Văn Đồng.

3. Phản động/tin giả: Có. Bài viết mang tính chất công kích, xuyên tạc lịch sử và kích động hận thù dân tộc, bôi nhọ lãnh đạo.",nhục không ba que nhìn các bác nhà tao đang đếm lợn,KHONG_PHAN_DONG
"1. Nội dung sơ lược: Bài viết chỉ trích Phạm Văn Đồng vì bức ảnh được cho là thân thiện với Trung Quốc trong bối cảnh chiến tranh biên giới và việc ký văn bản liên quan đến Hoàng Sa, Trường Sa. Tác giả cáo buộc ông phản bội lại những người đã hy sinh và bán nước.

2. Vấn đề: Tính chính xác của thông tin về bức ảnh và văn bản ký kết, cũng như việc quy kết động cơ và ý nghĩa của hành động của Phạm Văn Đồng.

3. Phản động/tin giả: Có. Bài viết mang tính chất công kích, xuyên tạc lịch sử và kích động hận thù dân tộc, bôi nhọ lãnh đạo.",toàn thấy đăng mạng phản quốc chứ có thấy đánh chiếm việt nam đâu bọn rãnh háng ba/ /,KHONG_PHAN_DONG
"1. Nội dung sơ lược: Bài viết chỉ trích Phạm Văn Đồng vì bức ảnh được cho là thân thiện với Trung Quốc trong bối cảnh chiến tranh biên giới và việc ký văn bản liên quan đến Hoàng Sa, Trường Sa. Tác giả cáo buộc ông phản bội lại những người đã hy sinh và bán nước.

2. Vấn đề: Tính chính xác của thông tin về bức ảnh và văn bản ký kết, cũng như việc quy kết động cơ và ý nghĩa của hành động của Phạm Văn Đồng.

3. Phản động/tin giả: Có. Bài viết mang tính chất công kích, xuyên tạc lịch sử và kích động hận thù dân tộc, bôi nhọ lãnh đạo.",đã ba/ thì phải xỏ lá,KHONG_PHAN_DONG
"1. Nội dung sơ lược: Bài viết chỉ trích Phạm Văn Đồng vì bức ảnh được cho là thân thiện với Trung Quốc trong bối cảnh chiến tranh biên giới và việc ký văn bản liên quan đến Hoàng Sa, Trường Sa. Tác giả cáo buộc ông phản bội lại những người đã hy sinh và bán nước.

2. Vấn đề: Tính chính xác của thông tin về bức ảnh và văn bản ký kết, cũng như việc quy kết động cơ và ý nghĩa của hành động của Phạm Văn Đồng.

3. Phản động/tin giả: Có. Bài viết mang tính chất công kích, xuyên tạc lịch sử và kích động hận thù dân tộc, bôi nhọ lãnh đạo.",ủa hình như ngày chưa các chú ba que ra biển bị mấy ông trung quốc bắt đánh bóng chuyền cơ mà sao giờ đổ thành cho việt nam dân chủ cộng hòa rồi,KHONG_PHAN_DONG
"1. Nội dung sơ lược: Bài viết chỉ trích Phạm Văn Đồng vì bức ảnh được cho là thân thiện với Trung Quốc trong bối cảnh chiến tranh biên giới và việc ký văn bản liên quan đến Hoàng Sa, Trường Sa. Tác giả cáo buộc ông phản bội lại những người đã hy sinh và bán nước.

2. Vấn đề: Tính chính xác của thông tin về bức ảnh và văn bản ký kết, cũng như việc quy kết động cơ và ý nghĩa của hành động của Phạm Văn Đồng.

3. Phản động/tin giả: Có. Bài viết mang tính chất công kích, xuyên tạc lịch sử và kích động hận thù dân tộc, bôi nhọ lãnh đạo.",lấy một bức hình mà tình cảm dành cho một người đã mất để xuyên tạc phục vụ mưu đồ cá nhân. quá nhục tụi ba/ à. không hiểu nếu người khác lấy ảnh các vị khóc lúc người thân mất để xuyên tạc thì các vị nghĩ thế nào.,KHONG_PHAN_DONG
"1. Nội dung sơ lược: Bài viết chỉ trích Phạm Văn Đồng vì bức ảnh được cho là thân thiện với Trung Quốc trong bối cảnh chiến tranh biên giới và việc ký văn bản liên quan đến Hoàng Sa, Trường Sa. Tác giả cáo buộc ông phản bội lại những người đã hy sinh và bán nước.

2. Vấn đề: Tính chính xác của thông tin về bức ảnh và văn bản ký kết, cũng như việc quy kết động cơ và ý nghĩa của hành động của Phạm Văn Đồng.

3. Phản động/tin giả: Có. Bài viết mang tính chất công kích, xuyên tạc lịch sử và kích động hận thù dân tộc, bôi nhọ lãnh đạo.",ba que ơi khó thế mà vẫn nghĩ ra được à,KHONG_PHAN_DONG
"1. Nội dung sơ lược: Bài viết chỉ trích Phạm Văn Đồng vì bức ảnh được cho là thân thiện với Trung Quốc trong bối cảnh chiến tranh biên giới và việc ký văn bản liên quan đến Hoàng Sa, Trường Sa. Tác giả cáo buộc ông phản bội lại những người đã hy sinh và bán nước.

2. Vấn đề: Tính chính xác của thông tin về bức ảnh và văn bản ký kết, cũng như việc quy kết động cơ và ý nghĩa của hành động của Phạm Văn Đồng.

3. Phản động/tin giả: Có. Bài viết mang tính chất công kích, xuyên tạc lịch sử và kích động hận thù dân tộc, bôi nhọ lãnh đạo.",bọn ba que nhằm dắt mũi đây mà,KHONG_PHAN_DONG
"1. Nội dung sơ lược: Bài viết chỉ trích Phạm Văn Đồng vì bức ảnh được cho là thân thiện với Trung Quốc trong bối cảnh chiến tranh biên giới và việc ký văn bản liên quan đến Hoàng Sa, Trường Sa. Tác giả cáo buộc ông phản bội lại những người đã hy sinh và bán nước.

2. Vấn đề: Tính chính xác của thông tin về bức ảnh và văn bản ký kết, cũng như việc quy kết động cơ và ý nghĩa của hành động của Phạm Văn Đồng.

3. Phản động/tin giả: Có. Bài viết mang tính chất công kích, xuyên tạc lịch sử và kích động hận thù dân tộc, bôi nhọ lãnh đạo.",bọn ba que xỏ lá nín,KHONG_PHAN_DONG
"1. Nội dung sơ lược: Bài viết chỉ trích Phạm Văn Đồng vì bức ảnh được cho là thân thiện với Trung Quốc trong bối cảnh chiến tranh biên giới và việc ký văn bản liên quan đến Hoàng Sa, Trường Sa. Tác giả cáo buộc ông phản bội lại những người đã hy sinh và bán nước.

2. Vấn đề: Tính chính xác của thông tin về bức ảnh và văn bản ký kết, cũng như việc quy kết động cơ và ý nghĩa của hành động của Phạm Văn Đồng.

3. Phản động/tin giả: Có. Bài viết mang tính chất công kích, xuyên tạc lịch sử và kích động hận thù dân tộc, bôi nhọ lãnh đạo.",cảnh sài gòn trước năm 1975 được quay từ trực thăng của việt nam cộng hòa. tuyệt đẹp luôn cộng sản không thể xây dựng tp. hồ chí minh đẹp như này đươc.,PHAN_DONG
"1. Nội dung sơ lược: Bài viết chỉ trích Phạm Văn Đồng vì bức ảnh được cho là thân thiện với Trung Quốc trong bối cảnh chiến tranh biên giới và việc ký văn bản liên quan đến Hoàng Sa, Trường Sa. Tác giả cáo buộc ông phản bội lại những người đã hy sinh và bán nước.

2. Vấn đề: Tính chính xác của thông tin về bức ảnh và văn bản ký kết, cũng như việc quy kết động cơ và ý nghĩa của hành động của Phạm Văn Đồng.

3. Phản động/tin giả: Có. Bài viết mang tính chất công kích, xuyên tạc lịch sử và kích động hận thù dân tộc, bôi nhọ lãnh đạo.",chiêu trò của ba que để phục quốc,KHONG_PHAN_DONG
